start_Node,target_Node,start_Time,end_Time,Time taken,PPREstimate,Threshold,Reverse_Threshold,Additive_Error,Frontier_Size,number_of_walks,walks_Hitting_Frontier
12.0,2.0,79979.8763152,79979.9328356,0.0565204374725,0.032,0.000144040331293,0.0120016803529,0.00200028005881,118.0,0.0,0.0
22.0,10627.0,80005.5011258,80005.9130563,0.411930427217,0.0,0.000144040331293,0.0120016803529,0.00200028005881,236.0,29162.0,0.0
16.0,6286.0,80040.7960246,80041.1871612,0.391136605074,0.0,0.000144040331293,0.0120016803529,0.00200028005881,237.0,29162.0,0.0
6286.0,19890.0,80078.1009342,80078.5492639,0.448329709398,0.0,0.000144040331293,0.0120016803529,0.00200028005881,425.0,29162.0,2944.0
21141.0,14399.0,80132.4863874,80132.7167241,0.230336726891,0.00632888888889,0.000144040331293,0.0120016803529,0.00200028005881,768.0,29162.0,29162.0
