start_Node,target_Node,start_Time,end_Time,Time taken,PPREstimate,Threshold,Reverse_Threshold,Additive_Error,Frontier_Size,number_of_walks,walks_Hitting_Frontier
12.0,2.0,80940.8879134,80940.945231,0.0573176468897,0.0145454545455,0.000144040331293,0.0120016803529,0.00200028005881,71.0,0.0,0.0
22.0,10627.0,80946.6641887,80947.0727596,0.4085708567,0.0,0.000144040331293,0.0120016803529,0.00200028005881,195.0,29162.0,0.0
16.0,6286.0,80953.5040858,80953.8944512,0.390365399056,0.0,0.000144040331293,0.0120016803529,0.00200028005881,195.0,29162.0,0.0
6286.0,19890.0,80963.119747,80963.5771557,0.457408658796,0.0,0.000144040331293,0.0120016803529,0.00200028005881,302.0,29162.0,972.0
21141.0,14399.0,80970.5756102,80970.9730307,0.397420531401,0.00375151099907,0.000144040331293,0.0120016803529,0.00200028005881,1046.0,29162.0,29162.0
